{
    "*":{
        "$datas":[
            "site_texts",
            "image_sources"
        ]
    },
    "$presets":{
        "need_auth": {
            "status": false,
            "action": "redirect:/login",
            "token-name": "cookies.auth_token",
            "hash-key": "auth_token"
        }
    },
    "routers": {
        "main": {
            "$page": "index",
            "$route": "/",
            "$options": {
                "page": "main",
                "header": "main-header",
                "footer": "main-footer"
            },
            "$datas": [
                "static_texts",
                "component_texts"
            ]
        },
        "register-1": {
            "$page": "index",
            "$route": "/register/step-1",
            "$options": {
                "page": "register-page-1",
                "modals":[
                    "message"
                ]
            },
            "$datas": [
                "static_texts",
                "requiments",
                "api_route_map"
            ],
            "$values": [
                "username"
            ]
        },
        "register-2": {
            "$page": "index",
            "$route": "/register/step-2",
            "$options": {
                "page": "register-page-2"
            },
            "$datas": [
                "static_texts"
            ]
        },
        "register-3": {
            "$page": "index",
            "$route": "/register/step-3",
            "$options": {
                "page": "register-page-3"
            },
            "$datas": [
                "static_texts"
            ]
        },
        "account-management-center": {
            "$page": "index",
            "$route": "/account/manage",
            "$options": {
                "page": "account-management-center",
                "header": "amc-header",
                "sidebar": "amc-sidebar",
                "modals":[
                    "feed-back"
                ]
            },
            "$datas": [
                "static_texts",
                "component_texts",
                "link_texts"
            ],
            "$auth": "need_auth"
        },
        "privacy-and-security": {
            "$page": "index",
            "$route": "/account/manage/privacy-security",
            "$options": {
                "page": "privacy-and-security",
                "header": "amc-header",
                "sidebar": "amc-sidebar",        
                "modals":[
                    "feed-back"
                ]
            },
            "$datas": [
                "static_texts",
                "component_texts",
                "link_texts"
            ],
            "$auth":"need_auth"
        },
        "account-settings": {
            "$page": "index",
            "$route": "/account/manage/settings",
            "$options": {
                "page": "account-settings",
                "header": "amc-header",
                "sidebar": "amc-sidebar",        
                "modals":[
                    "feed-back"
                ]
            },
            "$datas": [
                "static_texts",
                "component_texts",
                "link_texts"
            ],
            "$auth":"need_auth"
        },
        "login-1": {
            "$page": "index",
            "$route": "/login/step-1",
            "$options": {
                "page": "login-page-1"
            },
            "$datas": [
                "static_texts"
            ]
        },
        "login-2": {
            "$page": "index",
            "$route": "/login/step-2",
            "$options": {
                "page": "login-page-2"
            },
            "$datas": [
                "static_texts"
            ]
        },
        "email-verification": {
            "$page": "index",
            "$route": "/email-verify",
            "$options": {
                "page": "email-verification"
            },
            "$datas": [
                "static_texts"
            ]
        },
        "account-recovery-program-page-1": {
            "$page": "index",
            "$route": "/account/recovery-program/step-1",
            "$options": {
                "page": "recovery/account-recovery-program-page-1"
            },
            "$datas": [
                "static_texts"
            ]
        },
        "account-recovery-program-page-2": {
            "$page": "index",
            "$route": "/account/recovery-program/step-2",
            "$options": {
                "page": "recovery/account-recovery-program-page-2"
            },
            "$datas": [
                "static_texts"
            ]
        },
        "account-recovery-program-page-3": {
            "$page": "index",
            "$route": "/account/recovery-program/step-3",
            "$options": {
                "page": "recovery/account-recovery-program-page-3"
            },
            "$datas": [
                "static_texts"
            ]
        },
        "account-recovery-program-page-4": {
            "$page": "index",
            "$route": "/account/recovery-program/step-4",
            "$options": {
                "page": "recovery/account-recovery-program-page-4"
            },
            "$datas": [
                "static_texts"
            ]
        },
        "account-recovery-program-page-5": {
            "$page": "index",
            "$route": "/account/recovery-program/step-5",
            "$options": {
                "page": "recovery/account-recovery-program-page-5"
            },
            "$datas": [
                "static_texts"
            ]
        },
        "account-recovery-program-page-6": {
            "$page": "index",
            "$route": "/account/recovery-program/step-6",
            "$options": {
                "page": "recovery/account-recovery-program-page-6"
            },
            "$datas": [
                "static_texts"
            ]
        },
        "account-recovery-program-page-7": {
            "$page": "index",
            "$route": "/account/recovery-program/step-7",
            "$options": {
                "page": "recovery/account-recovery-program-page-7"
            },
            "$datas": [
                "static_texts"
            ]
        },
        "account-recovery-program-page-8": {
            "$page": "index",
            "$route": "/account/recovery-program/step-8",
            "$options": {
                "page": "recovery/account-recovery-program-page-8"
            },
            "$datas": [
                "static_texts"
            ]
        }
    },
    "redirects": {
        "/register": "/register/step-1",
        "/login": "/login/step-1"
    },
    "status_pages": {
        "404": {
            "url": "",
            "$page": "status/404"
        }
    }
}