{
    "username": {
        "type": "string",
        "min_length": 3,
        "max_length": 18,
        "display_name": {
            "en-us": "username",
            "tr-tr": "kullanıcı adı"
        },
        "regex":"^[a-zA-Z0-9_]+$"
    },
    "password": {
        "type": "string",
        "min_length": 8,
        "max_length": 512,
        "display_name": {
            "en-us": "password",
            "tr-tr": "parola"
        }
    },
    "email":{
        "type":"email",
        "services":[
            "gmail.com"
        ],
        "display_name": {
            "en-us": "e-mail",
            "tr-tr": "e-posta"
        }
    },
    "user_id":{
        "length":32,
        "chars":"all"
    },
    "jwt_session_id":{
        "length":32,
        "chars":"all"
    },
    "sessions_ID":{
        "length":24,
        "chars":"all"
    },
    "code":{
        "type":"string",    
        "length":6,
        "chars":"0-9A-Z"
    },
    "code_ID":{
        "type":"string",
        "length":8,
        "chars":"all"
    },
    "name":{
        "type":"string",
        "max_length":128,
        "min_length":1,
        "display_name": {
            "en-us": "name",
            "tr-tr": "isim"
        }
    },
    "lang":{
        "type":"string",
        "max_length":6,
        "min_length":1,
        "display_name": {
            "en-us": "name",
            "tr-tr": "isim"
        }
    },
    "redirect":{
        "type":"string",
        "min_length":1,
        "display_name": {
            "en-us": "name",
            "tr-tr": "isim"
        }
    },
    "month":{
        "type":"number",
        "min_length":0,
        "max_length":11
    },
    "day":{
        "type":"number",
        "min_length":1,
        "max_length":31
    },
    "year":{
        "type":"number",
        "min_length":1900,
        "max_length":"nowYear()"
    }
}