{
    "footer-copyright": "All rights reserved.",
    "footer-menu-1": "Preferences | Unsubscribe | schihook.org",
    "text-1": "LOGIN DETECTED FROM ANOTHER LOCATION",
    "text-2": "Hello &lt;Çınar Civan&gt;! We detected that your Sci-Hook account was logged in from a location that has not been logged in before. If you did this, you can ignore this security e-mail. However, if you think this is suspicious activity, take steps to protect your account right now.",
    "text-3": "Login Information",
    "text-4": "Login IP:",
    "text-5": "Near Login Location:",
    "text-6": "Protect Your Account",
    "text-7": "Login Device:",
    "text-8": "Privacy and Security Center",
    "text-9": "Learn More",
    "text-10": "Welcome to Sci-Hook!",
    "text-11": "Your account creation is complete. Now there is one step left: to confirm your e-mail address.",
    "text-12": "VERIFY YOUR E-MAIL",
    "text-13": "One Account, Multiple Features",
    "text-14": "By creating a Sci-Hook account, you can access multiple scientific projects, tools, and services. Manage everything with a single account and access easily.",
    "text-15": "Learn more.",
    "text-16": "Easy Account Management",
    "text-17": "You can easily manage your Sci-Hook account from anywhere. Manage your account via linked Sci-Hook projects or directly Sci-Hook.",
    "text-18": "Benefit from Scientific Projects",
    "text-19": "Learn and improve your work using Sci-Hook projects. Sci-Hook develops many projects for students and scientists. Start exploring!",
    "text-20": "Contribute to Science",
    "text-21": "You can also take part in Sci-Hook projects. Sci-Hook develops and grows with contributions from scientists.",
    "text-22": "Discover More",
    "text-23": "Sci-Hook is much more than what we're talking about here. Start exploring Sci-Hook projects!",
    "text-24": "Start exploring.",
    "text-25": "Need help?",
    "text-26": "Contact Us",
    "text-27": "You are one step away from logging into your account.",
    "text-28": "You can log in to your account by entering the code below in the tab that opens.",
    "text-29": "VERIFY YOUR E-MAIL",
    "text-30": "Need help?",
    "text-31": "Contact Us",
    "text-32": "YOUR SCI-HOOK ACCOUNT PASSWORD CHANGED",
    "text-33": "Your Sci-Hook account password has been changed.",
    "text-34": "If you made this password change, you can ignore this e-mail. However, if you think this change is suspicious, you should start taking steps to protect your account. We will assist you.",
    "text-35": "To protect your Sci-Hook account, you can reset your password by following the link below. You can learn how to protect your account using the links below.",
    "text-36": "IP Address:",
    "text-37": "Device:",
    "text-38": "Location where the change was made:",
    "text-39": "Reset Your Password and Protect Your Account",
    "text-40": "Sci-Hook Privacy and Security Center &amp; Account Security Tools",
    "text-41": "YOUR SCI-HOOK USERNAME HAS CHANGED",
    "text-42": "Your Sci-Hook account username has been changed.",
    "text-43": "If you made this username change, you can ignore this email. However, if you think this change is suspicious, you should start taking steps to protect your account. We will assist you.",
    "text-44": "To protect your Sci-Hook account, you can reset your password by following the link below. You can learn how to protect your account using the links below.",
    "text-45": "IP Address:",
    "text-46": "Device:",
    "text-47": "Location where the change was made:",
    "text-48": "New username:",
    "text-49": "Reset Your Password and Protect Your Account",
    "text-50": "Sci-Hook Privacy and Security Center &amp; Account Security Tools",
    "text-51": "YOUR SCI-HOOK ACCOUNT EMAIL<br>ADDRESS HAS CHANGED",
    "text-52": "Your Sci-Hook account e-mail address has been changed.",
    "text-53": "If you made this e-mail change, you can ignore this e-mail. However, if you think this change is suspicious, you should start taking steps to protect your account. We will assist you.",
    "text-54": "To protect your Sci-Hook account, you can reset your password by following the link below. You can learn how to protect your account using the links below.",
    "text-55": "IP Address:",
    "text-56": "Device:",
    "text-57": "Location where the change was made:",
    "text-58": "Reset Your Password and Protect Your Account",
    "text-59": "Sci-Hook Privacy and Safety Center &amp; Account Security Tools",
    "text-60": "YOUR SCI-HOOK ACCOUNT IS PERMANENTLY CLOSED",
    "text-61": "Your Sci-Hook account has been permanently closed for violating certain of our policies.",
    "text-62": "We have provided more detailed information below to help you better understand why we have permanently closed your account. If you think this was the wrong decision, you can appeal the decision.",
    "text-63": "Hello, we have permanently closed your Sci-Hook account, &lt;@username&gt;. We've outlined our reasons for permanent closure and the policies we think you're violating below. Please review them carefully.",
    "text-64": "Closing Date:",
    "text-65": "Closed Account Username:",
    "text-66": "Moderation System:",
    "text-67": "Policies Considered Violated:",
    "text-68": "About the Permanent Shutdown Process",
    "text-69": "Permanently closed accounts on Sci-Hook cannot be recovered. We usually suspend Sci-Hook accounts before they are permanently closed. We will send an email to notify users after suspension and give the user 60 days to appeal the decision. If no counter-decision or objection is made within this period, the user account is <strong>permanently closed</strong>.</strong>",
    "text-70": "Sci-Hook Account Management Team",
    "text-71": "Appeal the Account Closing Decision",
    "text-72": "This e-mail has been sent to inform you. To get more support,",
    "text-73": "you can create a support ticket",
    "text-74": "and read related",
    "text-75": "<a>help articles</a> about account management and the account closure process.",
    "text-76": "A PHONE NUMBER ADDED<br>TO YOUR SCI-HOOK ACCOUNT",
    "text-77": "A phone number has been linked to your Sci-Hook account.",
    "text-78": "If you did this, you can ignore this e-mail. However, if you think this is suspicious activity, you should start taking steps to protect your account.",
    "text-79": "To protect your Sci-Hook account, you can reset your password by following the link below. You can learn how to protect your account using the links below.",
    "text-80": "IP Address:",
    "text-81": "Device:",
    "text-82": "Location where the change was made:",
    "text-83": "Phone Number:",
    "text-84": "Reset Your Password and Protect Your Account",
    "text-85": "Sci-Hook Privacy and Safety Center &amp; Account Security Tools",
    "text-86": "THE PHONE NUMBER CONNECTED TO YOUR SCI-HOOK ACCOUNT<br>HAS BEEN REMOVED",
    "text-87": "The phone number linked to your Sci-Hook account has been removed.",
    "text-88": "If you did this, you can ignore this e-mail. However, if you think this is suspicious activity, you should start taking steps to protect your account.",
    "text-89": "To protect your Sci-Hook account, you can reset your password by following the link below. You can learn how to protect your account using the links below.",
    "text-90": "IP Address:",
    "text-91": "Device:",
    "text-92": "Location where the change was made:",
    "text-93": "Phone Number:",
    "text-94": "Reset Your Password and Protect Your Account",
    "text-95": "Sci-Hook Privacy and Safety Center &amp; Account Security Tools",
    "text-96": "WE DETECTED MORE THAN ONE FAILED LOGIN ATTEMPT IN YOUR ACCOUNT",
    "text-97": "Attempts were made to log into your account multiple times and all failed.",
    "text-98": "Sci-Hook systems automatically took the necessary steps to protect your account and blocked the IP address attempted to login. If this is your attempt to log in, you can unblock the IP address below. However, if you think this is suspicious activity, you can start looking at what you can do to protect your account.",
    "text-99": "We would like to inform you more about these automatically flagged login activities:",
    "text-100": "IP Address:",
    "text-101": "Device:",
    "text-102": "Location:",
    "text-103": "Login Platform:",
    "text-104": "Total Login Attempts:",
    "text-105": "Allow IP Address",
    "text-106": "Reset Your Password and Protect Your Account"
}