{
    "footer-copyright": "Bütün hakları saklıdır.",
    "footer-menu-1": "Tercihler | Abonelikten Çık | scihook.org",
    "text-1": "HESABINIZA BAŞKA BİR KONUMDAN GİRİŞ YAPILDI",
    "text-2": "Merhaba &lt;Çınar Civan&gt;! Sci-Hook hesabınıza daha önce giriş yapılmamış bir konumdan giriş yapıldığını tespit ettik. Eğer bunu siz yaptıysanız bu güvenlik e-postasını önemsemeyebilirsiniz. Ancak bunun şüpheli bir aktivite olduğunu düşünüyorsanız hemen şimdi hesabınızı korumak için gerekli adımları atınız.",
    "text-3": "Giriş Bilgileri",
    "text-4": "Giriş Yapılan IP:",
    "text-5": "Giriş Yapılan Yakın Konum:",
    "text-6": "Hesabını Korumaya Al",
    "text-7": "Giriş Yapılan Cihaz:",
    "text-8": "Gizlilik ve Güvenlik Merkezi",
    "text-9": "Daha Fazla Bilgi Al",
    "text-10": "Sci-Hook'a hoş geldin!",
    "text-11": "Hesap oluşturma işleminiz tamamlandı. Şimdi geriye bir adım kaldı: e-posta adresinizi onaylamak.",
    "text-12": "E-POSTANIZI DOĞRULAYIN",
    "text-13": "Bir Hesap, Birden Fazla Araç",
    "text-14": "Bir Sci-Hook hesabı oluşturarak birden fazla bilimsel projeye, araca ve servise erişim sağlayabilirsiniz. Her şeyi tek bir hesap ile yönetin ve kolayca erişim sağlayın.",
    "text-15": "Daha fazla bilgi edin.",
    "text-16": "Kolay Hesap Yönetimi",
    "text-17": "Sci-Hook hesabınızı kolayca, istediğiniz yerden yönetebilirsiniz. Bağlı olan Sci-Hook projeleri veya Sci-Hook üzerinden hesabınızı yönetin.",
    "text-18": "Bilimsel Projelerden Faydalanın",
    "text-19": "Sci-Hook projelerini kullanarak öğrenin ve çalışmalarınızı geliştirin. Sci-Hook, öğrenciler ve bilimseverler için pek çok proje geliştirmektedir. Keşfetmeye başlayın!",
    "text-20": "Bilime Katkı Sağlayın",
    "text-21": "Sci-Hook projelerinde siz de rol alabilirsiniz. Sci-Hook, bilimseverlerin katkıları ile gelişir ve büyür.",
    "text-22": "Daha Fazlasını Keşfedin",
    "text-23": "Sci-Hook, burada bahsettiklerimizden çok daha fazlası. Sci-Hook projelerini keşfetmeye başla!",
    "text-24": "Keşfetmeye başla.",
    "text-25": "Yardım mı lazım?",
    "text-26": "Bize Ulaşın",
    "text-27": "Hesabınıza giriş yapmanıza bir adım kaldı.",
    "text-28": "Aşağıda bulunan kodu, açılan sekmeye girerek hesabınıza giriş yapabilirsiniz.",
    "text-29": "E-POSTANIZI DOĞRULAYIN",
    "text-30": "Yardım mı lazım?",
    "text-31": "Bize Ulaşın",
    "text-32": "SCI-HOOK HESAP ŞİFRENİZ DEĞİŞTİ",
    "text-33": "Sci-Hook hesap şifreniz değiştirildi.",
    "text-34": "Eğer bu şifre değişikliğini siz yaptıysanız bu e-postayı önemsemeyebilirsiniz. Ancak bu değişikliğin şüpheli bir işlem olduğunu düşünüyorsanız hesabınızı korumak için gerekli adımları atmaya başlamalısınız. Size yardımcı olacağız.",
    "text-35": "Sci-Hook hesabınızı korumak için aşağıdaki bağlantıyı koruyarak şifrenizi sıfırlayabilirsiniz. Aşağıdaki bağlantıları kullanarak hesabınızı nasıl koruyabileceğinizi öğrenebilirsiniz.",
    "text-36": "Değişikliğin Yapıldığı IP Adresi:",
    "text-37": "Değişikliğin Yapıldığı Cihaz:",
    "text-38": "Değişikliğin Yapıldığı Konum:",
    "text-39": "Şifreni Sıfırla ve Hesabını Koru",
    "text-40": "Sci-Hook Gizlilik ve Güvenlik Merkezi &amp; Hesap Güvenliği Araçları",
    "text-41": "SCI-HOOK KULLANICI ADINIZ DEĞİŞTİ",
    "text-42": "Sci-Hook hesap kullanıcı adınız değiştirildi.",
    "text-43": "Eğer bu kullanıcı adı değişikliğini siz yaptıysanız bu e-postayı önemsemeyebilirsiniz. Ancak bu değişikliğin şüpheli bir işlem olduğunu düşünüyorsanız hesabınızı korumak için gerekli adımları atmaya başlamalısınız. Size yardımcı olacağız.",
    "text-44": "Sci-Hook hesabınızı korumak için aşağıdaki bağlantıyı koruyarak şifrenizi sıfırlayabilirsiniz. Aşağıdaki bağlantıları kullanarak hesabınızı nasıl koruyabileceğinizi öğrenebilirsiniz.",
    "text-45": "Değişikliğin Yapıldığı IP Adresi:",
    "text-46": "Değikliğin Yapıldığı Cihaz:",
    "text-47": "Değişikliğin Yapıldığı Konum:",
    "text-48": "Yeni Kullanıcı Adı:",
    "text-49": "Şifreni Sıfırla ve Hesabını Koru",
    "text-50": "Sci-Hook Gizlilik ve Güvenlik Merkezi &amp; Hesap Güvenliği Araçları",
    "text-51": "SCI-HOOK HESAP E-POSTA<br>ADRESİNİZ DEĞİŞTİ",
    "text-52": "Sci-Hook hesap e-posta adresiniz değiştirildi.",
    "text-53": "Eğer bu e-posta değişikliğini siz yaptıysanız bu e-postayı önemsemeyebilirsiniz. Ancak bu değişikliğin şüpheli bir işlem olduğunu düşünüyorsanız hesabınızı korumak için gerekli adımları atmaya başlamalısınız. Size yardımcı olacağız.",
    "text-54": "Sci-Hook hesabınızı korumak için aşağıdaki bağlantıyı koruyarak şifrenizi sıfırlayabilirsiniz. Aşağıdaki bağlantıları kullanarak hesabınızı nasıl koruyabileceğinizi öğrenebilirsiniz.",
    "text-55": "Değişikliğin Yapıldığı IP Adresi:",
    "text-56": "Değikliğin Yapıldığı Cihaz:",
    "text-57": "Değişikliğin Yapıldığı Konum:",
    "text-58": "Şifreni Sıfırla ve Hesabını Koru",
    "text-59": "Sci-Hook Gizlilik ve Güvenlik Merkezi &amp; Hesap Güvenliği Araçları",
    "text-60": "SCI-HOOK HESABINIZ KALICI<br>OLARAK KAPATILDI",
    "text-61": "Belirli politikalarımızı ihlal ettiğiniz için Sci-Hook hesabınızı kalıcı olarak kapatıldı.",
    "text-62": "Hesabınızın neden kalıcı olarak kapattığımızı daha iyi anlamanız için aşağıda daha detaylı bilgilendirme yaptık. Eğer bunun yanlış bir karar olduğunu düşünüyorsanız karara itiraz edebilirsiniz.",
    "text-63": "Merhaba, Sci-Hook hesabınızı, &lt;@username&gt;, kalıcı olarak kapatmış bulunuyoruz. Kalıcı olarak kapatma gerekçelerimizi ve ihlal ettiğinizi düşündüğümüz politikaları aşağıda belirttik. Lütfen bunları dikkatli bir şekilde inceleyiniz.",
    "text-64": "Kapatma Tarihi:",
    "text-65": "Kapatılan Hesap Kullanıcı Adı:",
    "text-66": "Moderasyon Aracı:",
    "text-67": "İhlal Edildiği Düşünülen Politikalar:",
    "text-68": "Kalıcı Kapatma Süreci Hakkında",
    "text-69": "Sci-Hook üzerinde kalıcı olarak kapatılan hesaplar geri alınamaz. Sci-Hook hesaplarını kalıcı olarak kapatmadan önce genellikle askıya alırız. Askıya aldıktan sonra kullanıcıları bilgilendirmek için bir e-posta göndeririz ve kullanıcıya karara itiraz etmesi için 60 gün süre veririz. Bu süre içerisinde herhangi bir karşı karar alınmazsa veya itiraz gelmezse kullanıcı hesabı, <strong>kalıcı olarak kapatılır.</strong>",
    "text-70": "Sci-Hook Hesap Yönetim Ekibi",
    "text-71": "Hesap Kapatma Kararına İtiraz Et",
    "text-72": "Bu e-posta sizi bilgilendirmek için gönderilmiştir. Daha fazla destek almak için bir",
    "text-73": "destek talebi oluşturabilir",
    "text-74": "ve hesap yönetimi ile hesap kapatma süreci hakkında ilgili",
    "text-75": "<a>yardım makaleleri</a>ni okuyabilirsiniz.",
    "text-76": "SCI-HOOK HESABINIZA BİR TELEFON<br>NUMARASI EKLENDİ",
    "text-77": "Sci-Hook hesabınıza bir telefon numarası bağlandı.",
    "text-78": "Eğer bu işlemi siz yaptıysanız bu e-postayı önemsemeyebilirsiniz. Ancak bunun şüpheli bir aktivite olduğunu düşünüyorsanız hesabınızı korumak için gerekli adımları atmaya başlamalısınız.",
    "text-79": "Sci-Hook hesabınızı korumak için aşağıdaki bağlantıyı koruyarak şifrenizi sıfırlayabilirsiniz. Aşağıdaki bağlantıları kullanarak hesabınızı nasıl koruyabileceğinizi öğrenebilirsiniz.",
    "text-80": "Eklemenin Yapıldığı IP Adresi:",
    "text-81": "Eklemenin Yapıldığı Cihaz:",
    "text-82": "Eklemenin Yapıldığı Konum:",
    "text-83": "Eklenen Telefon Numarası:",
    "text-84": "Şifreni Sıfırla ve Hesabını Koru",
    "text-85": "Sci-Hook Gizlilik ve Güvenlik Merkezi &amp; Hesap Güvenliği Araçları",
    "text-86": "SCI-HOOK HESABINIZA BAĞLI OLAN<br>TELEFON NUMARASI KALDIRILDI",
    "text-87": "Sci-Hook hesabınıza bağlı olan telefon numarası kaldırıldı.",
    "text-88": "Eğer bu işlemi siz yaptıysanız bu e-postayı önemsemeyebilirsiniz. Ancak bunun şüpheli bir aktivite olduğunu düşünüyorsanız hesabınızı korumak için gerekli adımları atmaya başlamalısınız.",
    "text-89": "Sci-Hook hesabınızı korumak için aşağıdaki bağlantıyı koruyarak şifrenizi sıfırlayabilirsiniz. Aşağıdaki bağlantıları kullanarak hesabınızı nasıl koruyabileceğinizi öğrenebilirsiniz.",
    "text-90": "Değişikliğin Yapıldığı IP Adresi:",
    "text-91": "Değişikliğin Yapıldığı Cihaz:",
    "text-92": "Değişikliğin Yapıldığı Konum:",
    "text-93": "Kaldırılan Telefon Numarası:",
    "text-94": "Şifreni Sıfırla ve Hesabını Koru",
    "text-95": "Sci-Hook Gizlilik ve Güvenlik Merkezi &amp; Hesap Güvenliği Araçları",
    "text-96": "HESABINIZDA BİRDEN FAZLA BAŞARISIZ GİRİŞ DENEMESİ<br>TESPİT ETTİK",
    "text-97": "Hesabınıza birden fazla kez giriş yapılmaya çalışıldı ve hepsinde başarısız olundu.",
    "text-98": "Sci-Hook sistemleri, hesabınızı korumak adına otomatik olarak gerekli adımları attı ve giriş yapılmaya çalışılan IP adresini engelledi. Eğer bunu giriş denemesi size aitse aşağıdan IP adresi engelini kaldırabilirsiniz. Ancak bunun şüpheli bir aktivite olduğunu düşünüyorsanız hesabınızı korumak için yapabileceklerinize bakmaya başlayabilirsiniz.",
    "text-99": "Sizi bu otomatik olarak şüpheli işaretlenmiş giriş aktiviteleri hakkında daha fazla bilgilendirmek istiyoruz:",
    "text-100": "Giriş Denemesinde Bulunulan IP Adresi:",
    "text-101": "Giriş Denemesinde Bulunulan Konum:",
    "text-102": "Giriş Denemesinde Bulunulan Cihaz:",
    "text-103": "Giriş Yapılan Platform:",
    "text-104": "Toplam Giriş Denemesi:",
    "text-105": "IP Adresine İzin Ver",
    "text-106": "Şifremi Sıfırla ve Hesabımı Korumaya Al"
}