{
    "main_footer": {
        "fo_1": "Hakkımızda",
        "fo_2": "Misyonumuz",
        "fo_3": "Projelerimiz",
        "fo_4": "Araçlarımız",
        "fo_5": "Sıkça Sorulan Sorular",
        "fo_6": "Ekibimiz",
        "fo_7": "Projelerimiz",
        "fo_8": "Geliştiriciler",
        "fo_9": "Geliştirici Profili",
        "fo_10": "Geliştirici Merkezi",
        "fo_11": "Sıkça Sorulan Sorular",
        "fo_12": "Açık Kaynak",
        "fo_13": "API & Araçlar",
        "fo_14": "Topluluk",
        "fo_15": "Site Çeviri Programı",
        "fo_16": "Beta Test Programı",
        "fo_17": "Hata Avcılığı Programı",
        "fo_18": "Organizasyon",
        "fo_19": "İlkelerimiz",
        "fo_20": "Tarihçemiz",
        "fo_21": "Markalama",
        "fo_22": "Destek Merkezi",
        "fo_23": "Gönüllülük Merkezi",
        "fo_24": "Maddi Destekçi Ol",
        "fo_25": "Yasal",
        "fo_26": "Gizlilik Politikası",
        "fo_27": "Çerez Politikası",
        "fo_28": "Kullanım Şartları",
        "fo_29": "Güvenlik",
        "fo_30": "Kullandığımız Kaynaklar",
        "fo_32": "Bölge:",
        "fo_33": "Dil:",
        "fo_34": "Daha fazla dili desteklememize yardım edin"
    },
    "main_header": {
        "he_1": "Anasayfa",
        "he_2": "Projeler",
        "he_3": "Araçlar",
        "he_4": "Misyonumuz",
        "he_5": "Akademi",
        "he_6": "Geliştirici",
        "he_7": "Ekibimiz",
        "he_8": "Site Teması",
        "he_9": "Destek Ol"
    },
    "amc_header": {
        "he_1": "Hesap değiştir",
        "he_2": "Organizasyonlar",
        "he_3": "Aile Yönetimi",
        "he_4": "Yardım makaleleri",
        "he_5": "Yardım Merkezi",
        "he_6": "Geri bildirim",
        "he_7": "Anasayfaya dön",
        "he_8": "Çıkış yap",
        "he_9": "Site Teması",
        "he_10": "Destek Ol"
    },
    "amc_sidebar": {
        "si_1": "Anasayfa",
        "si_2": "Hesap ayarları",
        "si_3": "Gizlilik ve güvenlik",
        "si_4": "Hesap istatistikleri",
        "si_5": "Görünüm ayarları",
        "si_6": "Bildirim ayarları",
        "si_7": "Organizasyon Yönetimi",
        "si_8": "Aile Hesap Yönetimi",
        "si_9": "Gizlilik & Güvenlik Merkezi",
        "si_10": "Geliştirici Merkezi",
        "si_11": "Gönüllülük Merkezi",
        "si_12": "Yardım Merkezi",
        "si_13": "Anasayfaya dön",
        "si_14": "Geri bildirim"
    },
    "copyright_texts": {
        "main": "&copy; 2023-<script>document.write(new Date().getFullYear())</script> Sci-Hook Org. Bütün hakları saklıdır."
    }
}