{
    "landing_page": {
        "la_1": "Özgür <span class='underlined-text'>Bilim</span> Ekosistemi",
        "la_2": "Sci-Hook Organizasyonu, bilimi her zaman ve herkes için erişilebilir kılmayı hedeflemektedir.",
        "la_3": "Geleceği sadece bilimle kurabileceğimizi biliyoruz ve bunun için çabalıyoruz.",
        "la_4": "Projelerimize Göz At",
        "la_5": "Araçlarımız",
        "la_6": "Misyonumuz",
        "la_7": "Bilimsel Projeler",
        "la_8": "Sci-Hook tarafından geliştirilmiş olan çeşitli bilim projelerinden faydalanabilir ve faydalanırken de bilimin gelişmesine katkı sağlayabilirsiniz.",
        "la_9": "Bilimsel Araçlar",
        "la_10": "Sci-Hook tarafından geliştirilmiş olan açık kaynak bilimsel araçları kullanarak çalışmalarınızı bir sonraki basamağa taşıyabilirsiniz.",
        "la_11": "Akademi & Öğrenci",
        "la_12": "Sci-Hook akademiye ve öğrencilere destek sağlıyor! Eğer eğitimci, akademisyen veya öğrenciyseniz özel programlarımıza bakabilirsiniz.",
        "la_13": "Sci-Hook'un</span> özgür ve açık kaynak<br>araçlarını kullanmaya başlayın.",
        "la_14": "Öğrenin ve Öğrenirken Katkı Sağlayın",
        "la_15": "Lorem ipsum dolor sit amet consectetur adipisicing elit. Ab explicabo aspernatur harum voluptatem atque repellat fuga molestias soluta possimus, ad iusto esse aut doloribus enim.",
        "la_16": "Bilimsel Projelerinizi Geliştirin",
        "la_17": "Lorem ipsum dolor sit amet consectetur adipisicing elit. Ab explicabo aspernatur harum voluptatem atque repellat fuga molestias soluta possimus, ad iusto esse aut doloribus enim.",
        "la_18": "Derslerinizde ve Çalışmalarınızda Faydalanın",
        "la_19": "Lorem ipsum dolor sit amet consectetur adipisicing elit. Ab explicabo aspernatur harum voluptatem atque repellat fuga molestias soluta possimus, ad iusto esse aut doloribus enim.",
        "la_20": "Sci-Hook<span id='name'> projelerini ve araçlarını</span> <br>incelemeye başlayın.",
        "la_21": "Sci-Hook Organizasyonu, bilimin her alanından çeşitli projeler geliştirmektedir.<br> Projelerimizi herkes tarafından erişilebilir, özgür ve ücretsiz geliştiriyoruz.",
        "la_22": "Sci-Hook<span id='name'> topluluklarına</span> katılın<br>ve iletişimde kalın."
    },
    "register_page_1": {
        "re_1": "Sci-Hook Hesabı Oluşturun",
        "re_2": "Temel hesap bilgilerinizi oluşturun.",
        "re_3": "<i class='fa-solid fa-circle-info'></i> Sci-Hook'a kayıt olarak <a class='scihook-link' href=''>Gizlilik Politikası</a>'nı ve <a class='scihook-link' href=''>Kullanım Şartları</a>'nı okuduğunuzu kabul etmiş sayılırsınız.",
        "re_4": "<i class='fa-solid fa-building-user'></i> Bir organizasyon (kurum, vakıf, şirket vb.) adına hesap oluşturmak mı istiyorsunuz? Organizasyon hesabı<a class='scihook-link' href=''> oluşturun.</a>"
    },
    "register_page_2": {
        "re_5": "Sci-Hook Hesabınızı Kişiselleştirin",
        "re_6": "Tercihe bağlı hesap bilgilerinizi girebilirsiniz.",
        "re_7": "<i class='fa-solid fa-circle-info'></i> Kişisel bilgilerinizi daha sonrasında Sci-Hook Hesap Yönetim Merkezi üzerinden düzenleyebilir ve hesabınızı daha fazla özelleştirebilirsiniz."
    },
    "register_page_3": {
        "re_8": "Sci-Hook Hesabınızı Kişiselleştirin",
        "re_9": "Hesabınıza profil fotoğrafı ekleyebilirsiniz."
    },
    "login_page_1": {
        "lo_1": "Sci-Hook Hesabınıza Giriş Yapın",
        "lo_2": "Hesap bilgilerinizi girerek hesabınıza giriş yapın.",
        "lo_3": "Sci-Hook hesabınız yok mu? Hesap<a class='scihook-link' href=''> oluşturun.</a>",
        "lo_4": "Hesabınıza erişemiyor musunuz? Hesabınızı<a class='scihook-link' href=''> kutarın.</a>"
    },
    "login_page_2": {
        "lo_5": "Girişinizi Doğrulayın",
        "lo_6": "E-posta adresinize gelen kodu giriniz.",
        "lo_7": "E-posta adresine yeniden kod <a class='scihook-link' href=''>gönder.</a>"
    },
    "account_management_center": {
        "amc_1": "Hesap geçmişi",
        "amc_2": "Hesap ayarları",
        "amc_3": "Hesabınızı kişiselleştirin",
        "amc_4": "Hesap bilgilerinizi güncelleyebilir, yeni bilgiler ekleyebilir ve silebilirsiniz. Hesabınızı kişiselleştirmekte özgürsünüz!",
        "amc_5": "Hesap ayarları",
        "amc_6": "Güvenlik kontrolü",
        "amc_7": "Hesabınızın ne kadar güvende olduğundan emin değil misiniz? Hesabınızın ne kadar güvende olduğunu kontrol edebilirsiniz.",
        "amc_8": "Güvenlik kontrolü yap",
        "amc_9": "Güvenlik, gizlilik ve verileriniz",
        "amc_10": "Hesap gizliliğini kontrol edebilir, verilerinizi inceleyebilir ve verilerinizin nasıl yönetilmesini istediğinizi seçebilirsiniz. Ayrıca hesap güvenliğiniz ile ilişkili bilgilerinizi kontrol edebilir ve güncelleyebilirsiniz.",
        "amc_11": "Gizlilik ve güvenlik",
        "amc_12": "Hesap geçmişi",
        "amc_13": "Hesabınız ile yaptığınız aktiviteleri görebilir ve geçmiş kaydetme ayarlarını yapılandırabilirsiniz.",
        "amc_14": "Geçmişi incele",
        "amc_15": "Bağlı hesaplar",
        "amc_16": "Diğer Sci-Hook araçlarına bağlı hesaplarınızı tek bir yerden yönetebilirsiniz.",
        "amc_17": "Bağlı hesapları yönet",
        "amc_18": "Aile yönetimi",
        "amc_19": "Aile hesabı özellikleri ile aile bireylerinizin Sci-Hook hesaplarını yönetebilirsiniz.",
        "amc_20": "Aile Yönetim Merkezi",
        "amc_21": "Oturumları yönetin",
        "amc_22": "Hesabınızın açık olduğu cihazları görüntüleyebilir ve yönetebilirsiniz.",
        "amc_23": "Oturumları yönetin",
        "amc_24": "Hesap yönetimi hakkında yardım mı lazım?",
        "amc_25": "Hesap Yönetim Merkezi yardım makalelerine göz at.",
        "amc_26": "Yardım Merkezi ile iletişime geç ve canlı destek al.",
        "amc_27": "Bir hata mı buldun veya önerin mi var? Geri bildirim bırak.",
        "amc_28": "Bize Geri Bildirim Gönder",
        "amc_29": "Geri bildirim konusu",
        "amc_30": "Hesap Yönetim Merkezi önerisi",
        "amc_31": "Hesap Yönetim Merkezi hatası",
        "amc_32": "Görünüm veya çeviri hatası",
        "amc_33": "Geri bildirimi gönderdiğinizde bazı Sci-Hook hesap bilgileriniz geri bildiriminize eklenebilir. Geri bildirim, bir yardım servisi değildir. Eğer yardım almak istiyorsanız lütfen Yardım Merkezi'ni kullanınız."
    },
    "privacy_security": {
        "ps_1": "Hesap verileriniz ve ayarlar",
        "ps_2": "Hesap verilerinizi yönetebilir, indirebilir ve tercihlerinizi ayarlayabilirsiniz.",
        "ps_3": "Hesap verilerimi indir",
        "ps_4": "Bütün hesap verileri",
        "ps_5": "Bütün oturum kayıtları",
        "ps_6": "Kişisel veriler",
        "ps_7": "Gizlilik ve güvenlik verileri",
        "ps_8": "Hesap verileriniz ana hesap e-posta adresinize gönderilecektir. Verilerinizin derlenmesi en geç 30 gün içerisinde tamamlanacaktır ve size iletilecektir.",
        "ps_9": "Gizlilik ve Güvenlik Merkezi",
        "ps_10": "Hesap kurtarma",
        "ps_11": "Hesabınızı kaybetmeniz durumunda kurtarabilmek için yapabileceğiniz ek ayarları görüntüleyebilir ve kendinize göre yapılandırabilirsiniz.",
        "ps_12": "Kurtarma e-postası belirle",
        "ps_13": "Sci-Hook'a kayıt olurken kullandığınız e-posta adresinizi kaybetmeniz durumunda hesabınızı kurtarmak için şifre sıfırlamasının gönderileceği e-posta adresidir. Bir kurtarma e-postası belirlemezseniz Hesap Kurtarma Programı'nı (eğer deaktive edilmediyse) kullanmanız gerekecektir.",
        "ps_14": "Kurtarma kodu ayarları",
        "ps_15": "Kurtarma kodları, hesabınızı kaybetmeniz durumunda hesabınızın size ait olduğunu kanıtlamak noktasında oldukça yardımcıdır. Kurtarma kodları, toplamda 16 koddan oluşur. Sadece Hesap Kurtarma Programı açıksa kodları kullanabilirsiniz.",
        "ps_16": "Hesap Kurtarma Programınını {value} Et",
        "ps_17": "Hesap Kurtarma Programı hakkında daha fazla bilgi için <a class='scihook-link' href=''>bakabilirsiniz</a>.",
        "ps_18": "Hesap Kurtarma Programı'nda bütün oturumlardan çık",
        "ps_19": "Hesap güvenliği için önerilir ve standart olarak açıktır.",
        "ps_20": "Bir konumdan hesabınıza yönelik Hesap Kurtarma Programı başlatıldıktan sonra Hesap Kurtarma Programı başvurusu incelenirken hesabınıza giriş yaptığınız bütün cihazlardan çıkış yapılır. Hesap Kurtarma Programı 80 gündür aktif olmayan hesaplarda başlatılabileceği için kötü niyetli kullanıma açık değildir.",
        "ps_21": "Hesap oturumları",
        "ps_22": "Hesabınıza daha önce giriş yaptığınız cihazları ve konum bilgilerini görüntüleyebilirsiniz. Cihazlardaki oturumlarınızı yönetebilirsiniz.",
        "ps_23": "Hangi verilerinizi tutuyoruz? Verilerinizle neler yapıyoruz, neler yapmıyoruz?",
        "ps_24": "Aşağıda hangi verilerinizi topladığımızın ve verileriniz ile neler yapıp neler yapmadığımzın bir listesi bulunmaktadır. Bu liste bilgilendirme amaçlıdır ve eksikler bulunabilir. Resmî aydınlatma için <a class='scihook-link' href=''>Gizlilik Politikası</a>'nı inceleyiniz.",
        "ps_25": "Kişisel verileriniz ile bir algoritma <b>oluşturmuyoruz.",
        "ps_26": "Reklamlar için hesap verilerinizi asla <b>kullanmıyoruz.</b>",
        "ps_27": "Belirttiğiniz hiçbir veriyi 3. parti uygulamalarla <b>paylaşmıyoruz.</b>",
        "ps_28": "'Hassas veri' sınıfına giren verilerinizi standart olarak <b>tutmuyoruz.",
        "ps_29": "Hesap kullanım istatistiklerini <b>sadece size</b> gösteriyoruz.",
        "ps_30": "Yazılımsal açıklara yer vermiyoruz ve verilerinizi <b>özenle koruyoruz.</b>",
        "ps_31": "Veri merkezlerimizi en son teknolojiler ile sürekli olarak <b>koruyoruz.</b>",
        "ps_32": "Sci-Hook üzerindeki varlığınızı istediğinizde <b>kalıcı olarak</b> silebilirsiniz (veriler, veri tabanından kalıcı olarak temizlenir).",
        "ps_33": "Verilerinizin nasıl işlendiğinde yönelik şeffafız. Bütün veri algoritmamız <b>açık kaynaktır</b>, herkes inceleyebilir.",
        "ps_34": "Sadece sizin belirttiğiniz kişisel bilgileri saklıyoruz.",
        "ps_35": "Tema ve görünüm bilgilerinizi saklıyoruz.",
        "ps_36": "Bölge ve dil ayarlarınızı saklıyoruz.",
        "ps_37": "Eklemeniz durumunda profil fotoğrafınızı saklıyoruz.",
        "ps_38": "Kullandığınız Sci-Hook araçlarını saklıyoruz.",
        "ps_39": "Sci-Hook üzerinde yaptığınız aktivitelerin kaydını tutuyoruz.",
        "ps_40": "Geliştiriciler için API kaydını veri tabanlarımızda tutuyoruz.",
        "ps_41": "Bağladığınız sosyal medya hesaplarınızı tutuyoruz.",
        "ps_42": "Kullandığınız cihaz bilgilerini ve işletim sistemini tutuyoruz.",
        "ps_43": "Yukarıdaki karşılaştırma metni kullanıcıları bilgilendirmek amacıyla özet niteliği taşıyan, önemli noktalara değinilmiş bir aydınlatma metnidir. Metninin yasal ve resmî bir geçerliliği bulunmamaktadır. Bölgelere göre toplanan veriler değişebilir ve harici durumlar oluşabilir. Resmî aydınlatma metni için lütfen <a class='scihook-link' href=''>Sci-Hook Gizlilik Politikası</a>'nı okuyunuz. Yasalar gereği uygulanacak olan metin <a class='scihook-link' href=''>Gizlilik Politikası</a>'dır.",
        "ps_44": "Sci-Hook hesap veri planınızı oluşturun",
        "ps_45": "Gelecekte verilerinize ne olacağını planlayabilirsiniz",
        "ps_46": "Sci-Hook hesabınızı dondurun",
        "ps_47": "Hesabınızı, <b>istediğiniz tarihte</b> geri açmak üzere dondurursunuz",
        "ps_48": "Sci-Hook hesabınızı silin",
        "ps_49": "Hesabınızla ilişkili her şeyi <b>kalıcı olarak</b> silersiniz"
    },
    "account_settings": {
        "set_1": "Temel hesap bilgileri",
        "set_2": "Hesap bilgilerinizi güncelleyebilir, yeni bilgiler ekleyebilir ve silebilirsiniz. Hesabınızı kişiselleştirmekte özgürsünüz!",
        "set_3": "Kullanıcı adınız, hesabınızı ''herkese açık'' yapmanız durumunda daima herkese açık gözükecektir.",
        "set_4": "Kullanıcı adı cart curttır",
        "set_5": "Hesabınızı herkese açık yapmanız durumunda hesabınıza, https://scihook.org/user/{value} adresinden ulaşılabilir olacak.",
        "set_6": "Hesabınıza bağlı e-posta adresiniz, güvenlik ve gizlilik amacıyla daima ''gizli'' olmak zorundadır.",
        "set_7": "Kullanıcı adı cart curttır",
        "set_8": "Hesap gizliliği:",
        "set_9": "Hesap bilgilerinizi güncelleyebilir, yeni bilgiler ekleyebilir ve silebilirsiniz. Hesabınızı kişiselleştirmekte özgürsünüz!",
        "set_10": "Kullanıcı adı cart curttır",
        "set_11": "Kullanıcı adı cart curttır",
        "set_12": "Kullanıcı adı cart curttır",
        "set_13": "Kullanıcı adı cart curttır",
        "set_14": "Kullanıcı adı cart curttır",
        "set_15": "Kullanıcı adı cart curttır",
        "set_16": "Kullanıcı adı cart curttır",
        "set_17": "Hesap bilgilerinizi güncelleyebilir, yeni bilgiler ekleyebilir ve silebilirsiniz. Hesabınızı kişiselleştirmekte özgürsünüz!",
        "set_18": "Kullanıcı adı cart curttır",
        "set_19": "Kullanıcı adı cart curttır",
        "orcid_text": "Lorem ipsum dolor, sit amet consectetur adipisicing elit. Veniam, cupiditate.",
        "scholar_text": "Lorem ipsum dolor, sit amet consectetur adipisicing elit. Veniam, cupiditate.",
        "quora_text": "Lorem ipsum dolor, sit amet consectetur adipisicing elit. Veniam, cupiditate.",
        "wikimedia_text": "Lorem ipsum dolor, sit amet consectetur adipisicing elit. Veniam, cupiditate.",
        "github_text": "Lorem ipsum dolor, sit amet consectetur adipisicing elit. Veniam, cupiditate.",
        "gitlab_text": "Lorem ipsum dolor, sit amet consectetur adipisicing elit. Veniam, cupiditate.",
        "inaturalist_text": "Lorem ipsum dolor, sit amet consectetur adipisicing elit. Veniam, cupiditate.",
        "khan_academy_text": "Lorem ipsum dolor, sit amet consectetur adipisicing elit. Veniam, cupiditate.",
        "google_text": "Lorem ipsum dolor, sit amet consectetur adipisicing elit. Veniam, cupiditate.",
        "mastodon_text": "Lorem ipsum dolor, sit amet consectetur adipisicing elit. Veniam, cupiditate.",
        "linkedin_text": "Lorem ipsum dolor, sit amet consectetur adipisicing elit. Veniam, cupiditate.",
        "x_twitter": "Lorem ipsum dolor, sit amet consectetur adipisicing elit. Veniam, cupiditate.",
        "instagram_text": "Lorem ipsum dolor, sit amet consectetur adipisicing elit. Veniam, cupiditate."
    },
    "email_verification": {
        "ev_1": "E-Posta Adresinizi Doğrulayın",
        "ev_2": "E-posta adresinizin size ait olduğunu onaylayın.",
        "ev_3": "E-posta adresine yeniden kod <a class='scihook-link' href=''>gönder.</a>"
    },
    "date_of_birth_text": "Doğum tarihiniz"
}