<?xml version="1.0" encoding="UTF-8"?>
<emails>

    <email name="new-location">
        <from>address-1</from>
        <subject>Title</subject>
        <text>id-1</text>
    </email>
    
    <email name="verify-email">
        <from>address-1</from>
        <subject>Başlık</subject>
        <text>id-1</text>
    </email>

    <email name="verify-login">
        <from>address-1</from>
        <subject>Başlık</subject>
        <text>id-1</text>
    </email>

    <email name="try-login">
        <from>address-1</from>
        <subject>Başlık</subject>
        <text>id-1</text>
    </email>

</emails>