[
  {
    "text-id": "welcome-message-1-verify-email",
    "text": "Welcome to Sci-Hook!"
  },
  {
    "text-id": "welcome-message-2-verify-email",
    "text": "Your account creation is complete. Now there is one step left: to confirm your e-mail address."
  },
  { "text-id": "header-text-verify-email", "text": "VERIFY YOUR E-MAIL" },
  {
    "text-id": "feature-1-verify-email",
    "text": "One Account, Multiple Features"
  },
  {
    "text-id": "feature-1-text-verify-email",
    "text": "By creating a Sci-Hook account, you can access multiple scientific projects, tools, and services. Manage everything with a single account and access easily."
  },
  { "text-id": "more-info-verify-email", "text": "Learn more." },
  { "text-id": "discover-verify-email", "text": "Start exploring." },
  { "text-id": "feature-2-verify-email", "text": "Easy Account Management" },
  {
    "text-id": "feature-2-text-verify-email",
    "text": "You can easily manage your Sci-Hook account from anywhere. Manage your account via linked Sci-Hook projects or directly Sci-Hook."
  },
  {
    "text-id": "feature-3-verify-email",
    "text": "Benefit from Scientific Projects"
  },
  {
    "text-id": "feature-3-text-verify-email",
    "text": "Learn and improve your work using Sci-Hook projects. Sci-Hook develops many projects for students and scientists. Start exploring!"
  },
  { "text-id": "feature-4-verify-email", "text": "Contribute to Science" },
  {
    "text-id": "feature-4-text-verify-email",
    "text": "You can also take part in Sci-Hook projects. Sci-Hook develops and grows with contributions from scientists."
  },
  { "text-id": "feature-5-verify-email", "text": "Discover More" },
  {
    "text-id": "feature-5-text-verify-email",
    "text": "Sci-Hook is much more than what we're talking about here. Start exploring Sci-Hook projects!"
  },
  { "text-id": "help-verify-email", "text": "Need help?" },
  { "text-id": "help-button-verify-email", "text": "Contact Us" },
  {
    "text-id": "footer-menu-email",
    "text": "Preferences | Unsubscribe | schihook.org"
  },
  { "text-id": "footer-copyright-email", "text": "All rights reserved." },
  {
    "text-id": "header-text-new-location",
    "text": "LOGIN DETECTED FROM ANOTHER LOCATION"
  },
  {
    "text-id": "main-text-new-location",
    "text": "Hello &lt;Çınar Civan&gt;! We detected that your Sci-Hook account was logged in from a location that has not been logged in before. If you did this, you can ignore this security e-mail. However, if you think this is suspicious activity, take steps to protect your account right now."
  },
  { "text-id": "login-info-new-location", "text": "Login Information" },
  { "text-id": "login-ip-new-location", "text": "Login IP:" },
  {
    "text-id": "login-location-new-location",
    "text": "Near Login Location:"
  },
  { "text-id": "login-device-new-location", "text": "Login Device:" },
  {
    "text-id": "protect-your-account-new-location",
    "text": "Protect Your Account"
  },
  {
    "text-id": "safety-security-center-new-location",
    "text": "Gizlilik ve Güvenlik Merkezi"
  },
  { "text-id": "more-info-new-location", "text": "Daha Fazla Bilgi Al" }
]