[
  {
    "text-id": "welcome-message-1-verify-email",
    "text": "Sci-Hook'a hoş geldin!"
  },
  {
    "text-id": "welcome-message-2-verify-email",
    "text": "Hesap oluşturma işleminiz tamamlandı. Şimdi geriye bir adım kaldı: e-posta adresinizi onaylamak."
  },
  { "text-id": "header-text-verify-email", "text": "E-POSTANIZI DOĞRULAYIN" },
  {
    "text-id": "feature-1-verify-email",
    "text": "Bir Hesap, Birden Fazla Araç"
  },
  {
    "text-id": "feature-1-text-verify-email",
    "text": "Bir Sci-Hook hesabı oluşturarak birden fazla bilimsel projeye, araca ve servise erişim sağlayabilirsiniz. Her şeyi tek bir hesap ile yönetin ve kolayca erişim sağlayın."
  },
  { "text-id": "more-info-verify-email", "text": "Daha fazla bilgi edin." },
  { "text-id": "discover-verify-email", "text": "Keşfetmeye başla." },
  { "text-id": "feature-2-verify-email", "text": "Kolay Hesap Yönetimi" },
  {
    "text-id": "feature-2-text-verify-email",
    "text": "Sci-Hook hesabınızı kolayca, istediğiniz yerden yönetebilirsiniz. Bağlı olan Sci-Hook projeleri veya Sci-Hook üzerinden hesabınızı yönetin."
  },
  {
    "text-id": "feature-3-verify-email",
    "text": "Bilimsel Projelerden Faydalanın"
  },
  {
    "text-id": "feature-3-text-verify-email",
    "text": "Sci-Hook projelerini kullanarak öğrenin ve çalışmalarınızı geliştirin. Sci-Hook, öğrenciler ve bilimseverler için pek çok proje geliştirmektedir. Keşfetmeye başlayın!"
  },
  { "text-id": "feature-4-verify-email", "text": "Bilime Katkı Sağlayın" },
  {
    "text-id": "feature-4-text-verify-email",
    "text": "Sci-Hook projelerinde siz de rol alabilirsiniz. Sci-Hook, bilimseverlerin katkıları ile gelişir ve büyür."
  },
  { "text-id": "feature-5-verify-email", "text": "Daha Fazlasını Keşfedin" },
  {
    "text-id": "feature-5-text-verify-email",
    "text": "Sci-Hook, burada bahsettiklerimizden çok daha fazlası. Sci-Hook projelerini keşfetmeye başla!"
  },
  { "text-id": "help-verify-email", "text": "Yardım mı lazım?" },
  { "text-id": "help-button-verify-email", "text": "Bize Ulaşın" },
  {
    "text-id": "footer-menu-email",
    "text": "Tercihler | Abonelikten Çık | scihook.org"
  },
  { "text-id": "footer-copyright-email", "text": "Bütün hakları saklıdır." },
  {
    "text-id": "header-text-new-location",
    "text": "HESABINIZA BAŞKA BİR KONUMDAN GİRİŞ YAPILDI"
  },
  {
    "text-id": "main-text-new-location",
    "text": "Merhaba &lt;Çınar Civan&gt;! Sci-Hook hesabınıza daha önce giriş yapılmamış bir konumdan giriş yapıldığını tespit ettik. Eğer bunu siz yaptıysanız bu güvenlik e-postasını önemsemeyebilirsiniz. Ancak bunun şüpheli bir aktivite olduğunu düşünüyorsanız hemen şimdi hesabınızı korumak için gerekli adımları atınız."
  },
  { "text-id": "login-info-new-location", "text": "Giriş Bilgileri" },
  { "text-id": "login-ip-new-location", "text": "Giriş Yapılan IP:" },
  {
    "text-id": "login-location-new-location",
    "text": "Giriş Yapılan Yakın Konum:"
  },
  { "text-id": "login-device-new-location", "text": "Giriş Yapılan Cihaz:" },
  {
    "text-id": "protect-your-account-new-location",
    "text": "Hesabını Korumaya Al"
  },
  {
    "text-id": "safety-security-center-new-location",
    "text": "Gizlilik ve Güvenlik Merkezi"
  },
  { "text-id": "more-info-new-location", "text": "Daha Fazla Bilgi Al" }
]