{
    "brand_names": {
        "github": "GitHub",
        "x_twitter": "X (Twitter)",
        "instagram": "Instagram",
        "threads_meta": "Threads",
        "youtube": "YouTube",
        "orcid": "ORCID",
        "google_scholar": "Google Scholar",
        "quora": "Quora",
        "wikimedia": "Wikimedia",
        "gitlab": "GitLab",
        "inaturalist": "iNaturalist",
        "khan_academy": "Khan Academy",
        "google": "Google",
        "mastodon": "Mastodon",
        "linkedin": "LinkedIn"
    },
    "regions": {
        "us": "United States of America",
        "gb": "United Kingdom",
        "de": "Deutschland",
        "es": "España",
        "fr": "France",
        "it": "Italia",
        "ru": "Россия",
        "az": "Azərbaycan",
        "gr": "Ελλάδα",
        "bg": "България",
        "fi": "Suomi",
        "in": "भारत",
        "cn": "中华人民共和国 (中華人民共和國)",
        "jp": "日本国",
        "kr": "대한민국",
        "cz": "Česko",
        "sa": "المملكة العربية السعودية",
        "ir": "جمهوری اسلامی ایران"
    },
    "languages": {
        "en-us": "English (United States)",
        "en-gb": "English (United Kingdom)",
        "de-de": "Deutsch (Deutschland)",
        "es-es": "Español (España)",
        "fr-fr": "Français (France)",
        "it-it": "Italiano (Italia)",
        "ru-ru": "Русский (Россия)",
        "az-az": "Azərbaycanca (Azərbaycan)",
        "gr-gr": "Ελληνικά (Ελλάδα)",
        "bg-bg": "български (България)",
        "fi-fi": "Suomi (Suomi)",
        "in-in": "हिंदी (भारत)",
        "zh-cn": "汉语 (中华人民共和国)",
        "zh-tw": "漢語 (中華人民共和國)",
        "jp-jp": "日本語 (日本国)",
        "kr-kr": "한국어 (대한민국)",
        "cz-cz": "Čeština (Česko)",
        "ar-sa": "(جمهوری اسلامی ایران) فارسی",
        "fa-ir": "(المملكة العربية السعودية) اَلْعَرَبِيَّةُ"
    }
}