{
    "months": {
        "m_1": "Ocak",
        "m_2": "Şubat",
        "m_3": "Mart",
        "m_4": "Nisan",
        "m_5": "Mayıs",
        "m_6": "Haziran",
        "m_7": "Temmuz",
        "m_8": "Ağustos",
        "m_9": "Eylül",
        "m_10": "Ekim",
        "m_11": "Kasım",
        "m_12": "Aralık"
    },
    "buttons": {
        "continue": "Devam Et",
        "skip_this_step": "Bu Adımı Atla",
        "complete_account_creation": "Hesap Oluşturmayı Tamamla",
        "previous_step": "Önceki Adıma Geri Dön",
        "login": "Giriş Yap",
        "register": "Kayıt Ol",
        "close": "Kapat",
        "go_to_support_center": "Yardım Merkezi'ne git",
        "send_feedback": "Geri bildirimi gönder",
        "show_recovery_codes": "Kurtarma kodlarını görüntüle",
        "download_recovery_codes": "Kurtarma kodlarını indir",
        "deactive_recovery_codes": "Kurtarma kodlarını deaktif et",
        "logout_session": "Oturumdan çık",
        "more_info": "Daha fazla bilgi",
        "edit": "Düzenle",
        "add_orcid_id": "ORCID ID ekle",
        "add_account": "Hesabını ekle",
        "connect_account": "Hesabını bağla",
        "confirm": "Onayla",
        "change_email": "E-Posta Adresini Değiştir"
    },
    "placeholders": {
        "optional": "(isteğe bağlı)",
        "username": "Kullanıcı adı",
        "name": "İsim",
        "surname": "Soyisim",
        "email": "E-posta adresi",
        "password": "Parola",
        "phone": "Telefon numarası",
        "confirm_password": "Parolayı onaylayın",
        "day": "Gün",
        "month": "Ay",
        "year": "Yıl",
        "surname_optional": "Soyisim (isteğe bağlı)",
        "phone_optional": "Telefon numarası (isteğe bağlı)",
        "graduated_school": "Mezun olunan okul",
        "gender_optional": "Cinsiyet (isteğe bağlı)",
        "education_level_optional": "Eğitim seviyesi (isteğe bağlı)",
        "job_optional": "Meslek (isteğe bağlı)",
        "search_region": "Bölge ara",
        "search_language": "Dil ara",
        "search_in_amc": "Hesap Yönetim Merkezi'nde arama yap",
        "web_site": "İnternet sitesi",
        "about_me_placeholder": "Kendinizden bahsedebilirsiniz (en fazla 1024)",
        "address": "Adres",
        "city": "Şehir/Eyalet",
        "zip_code": "Posta kodu",
        "country": "Ülke",
        "address_line_1": "Ana adres (sokak, mahalle, vb.)",
        "address_line_2": "Adres (apartman, daire numarası, vb.)",
        "contact_email": "İletişim e-posta adresi"
    },
    "form_texts": {
        "optional": "(isteğe bağlı)",
        "username": "Kullanıcı adı",
        "name": "İsim",
        "email": "E-posta adresi",
        "surname": "Soyisim",
        "phone": "Telefon numarası",
        "education_level": "Eğitim seviyesi",
        "gender": "Cinsiyet",
        "graduated_school": "Mezun olunan okul",
        "job": "Meslek",
        "about_me": "Hakkımda",
        "web_site": "İnternet sitesi",
        "personal_informations": "Kişisel bilgiler",
        "address": "Adres",
        "social_media_and_contact": "Sosyal medya ve iletişim",
        "add_contact_email": "İletişim e-postası ekle"
    },
    "genders": {
        "undefined": "Belirtmek istemiyorum",
        "female": "Kadın",
        "male": "Erkek",
        "other": "Diğer"
    },
    "education_level": {
        "undefined": "Belirtmek istemiyorum",
        "never": "Hiç okul okumadım",
        "primary": "İlkokul",
        "middle": "Ortaokul",
        "high": "Lise",
        "undergraduate": "Lisans (Üniversite mezunu)",
        "master": "Yüksek Lisans",
        "phd": "Doktora",
        "postdoc": "Doktora sonrası (Post-doktora)"
    },
    "project_names": {
        "p_1": "Bilimetri",
        "p_2": "Meteorology Map"
    }
}